WBS Nr,Name (original),Name bereinigt,Name 2,Adresse,Adresse 2,PLZ,Ort,Kanton,Leiter,Fachgebiet,Kategorie,Assistenten Total,Reserviert Facharzttitel,Reserviert nicht Facharzttitel,CH-Arztdiplom,EU-Arztdiplom,nicht EU-Arztdiplom
411188,Alterspsychiatrischer Dienst der Stadt Zürich,Alterspsychiatrischer Dienst der Stadt Zürich,Geriatrischer Dienst,,Walchestrasse 31,8021,Zürich 1,ZH,Rolf Goldbach,Psychiatrie und Psychotherapie,Kat. C (2 J.) ambulant,3,1,2,1,2,0
404519,Ambulante Psychiatrie und Psychotherapie Schwyz,Ambulante Psychiatrie und Psychotherapie Schwyz,Triaplus AG,,Centralstrasse 5c,6410,Goldau,SZ,Angelika Toman,Psychiatrie und Psychotherapie,Kat. A (3 J.) ambulant,4,4,0,0,2,2
405903,Ambulante Psychiatrie und Psychotherapie Uri,Ambulante Psychiatrie und Psychotherapie Uri,Triaplus AG,,Seedorferstrasse 6,6460,Altdorf UR,UR,Klaudia Wenger,Psychiatrie und Psychotherapie,Kat. A (3 J.) ambulant,0,0,0,0,0,0
403890,Ambulante Psychiatrie und Psychotherapie Zug,Ambulante Psychiatrie und Psychotherapie Zug,Triaplus AG,,Rathausstrasse 1,6340,Baar,ZG,Patrik Hochstrasser-Spörri,Psychiatrie und Psychotherapie,Kat. A (3 J.) ambulant,3,3,0,0,3,0
408545,Appartenances Vaud,Appartenances Vaud,Centre de soins spécialisé,,rue des Terreaux 10,1003,Lausanne,VD,Felicia Margaretha Dutray,Psychiatrie und Psychotherapie,Kat. C (2 J.) ambulant,1,1,0,1,0,0
403564,Arud Zentrum für Suchtmedizin,Arud Zentrum für Suchtmedizin,,,Schützengasse 31,8001,Zürich,ZH,Thilo Beck,Psychiatrie und Psychotherapie,Kat. C (2 J.) ambulant,15,14,1,4,8,3
407641,Bethesda-Spital AG,Bethesda-Spital AG,Klinik für Psychiatrie und Psychosomatik,,Gellertstrasse 144,4052,Basel,BS,Marco Bachmann,Psychiatrie und Psychotherapie,Kat. C (2 J.) ambulant,2,0,2,2,0,0
407882,C H U V,CHUV,Département de psychiatrie,Service de psychiatrie communautaire,Place Chauderon 18,1003,Lausanne,VD,Jacques Besson,Psychiatrie und Psychotherapie,Kat. B (2 J.) stationär,8,8,0,3,3,2
407882,C H U V,CHUV,Département de psychiatrie,Service de psychiatrie communautaire,Place Chauderon 18,1003,Lausanne,VD,Charles Bonsack,Psychiatrie und Psychotherapie,Kat. A (3 J.) ambulant,2,2,0,0,1,1
411055,C H U V,CHUV,Département de psychiatrie,Service de médecine des addictions,Rue du Bugnon 23,1011,Lausanne,VD,Yasser Khazaal,Psychiatrie und Psychotherapie,Kat. C (2 J.) ambulant,0,0,0,0,0,0
407886,C H U V,CHUV,DP - Serv. de Médecine et Psych. Pénitentiaires,,Site de Cery,1008,Prilly,VD,Bruno Gravier,Psychiatrie und Psychotherapie,Kat. C (2 J.) ambulant,8,8,0,1,6,1
407885,C H U V,CHUV,DP - Service de Psychiatrie de Liaison,Les Allières,avenue de Beaumont 23,1011,Lausanne,VD,Friedrich Stiefel,Psychiatrie und Psychotherapie,Mehrfachanerkennung im gleichen Fachgebiet,19,15,4,6,10,3
407883,C H U V,CHUV,DP - Service de Psychiatrie Générale,,Route de Cery,1008,Prilly,VD,Philippe Conus,Psychiatrie und Psychotherapie,Mehrfachanerkennung im gleichen Fachgebiet,38,34,4,15,21,2
411474,C H U V,CHUV,Institut de psychiatrie légal IPL,Département de Psychiatrie,Site de Cery,1008,Prilly,VD,Jacques Gasser,Psychiatrie und Psychotherapie,Kat. C (2 J.) ambulant,2,2,0,2,0,0
403357,C N P - Centre neuchâtelois de psychiatrie,CNP - Centre Neuchâtelois de Psychiatrie,Département de l'adulte,CPCL,Rue Vieux-Châtel 18,2000,Neuchâtel,NE,Stéphane Saillant,Psychiatrie und Psychotherapie,Kat. A (3 J.) ambulant,23,21,2,8,12,3
410878,C N P - Centre Neuchâtelois de Psychiatrie,CNP - Centre Neuchâtelois de Psychiatrie,Centre d'urgences psychiatriques et de psychiatrie,de liaison,rue de la Maladière 45,2000,Neuchâtel,NE,Stéphane Saillant,Psychiatrie und Psychotherapie,Kat. C (2 J.) ambulant,9,5,4,6,3,0
403855,C N P - Centre Neuchâtelois de Psychiatrie,CNP - Centre Neuchâtelois de Psychiatrie,Département de psychiatrie de l'âge avancée,,Site de Perreux,2017,Boudry,NE,Umberto Giardini,Psychiatrie und Psychotherapie,Mehrfachanerkennung im gleichen Fachgebiet,14,13,1,2,10,2
403373,C N P - Centre Neuchâtelois de Psychiatrie,CNP - Centre Neuchâtelois de Psychiatrie,Site hospitaliers de Perreux et de Préfagier,,,2074,Marin-Epagnier,NE,Pedro Planas,Psychiatrie und Psychotherapie,Kat. A (3 J.) stationär,11,11,0,2,9,0
403146,Centre médico-psychologique (CMP),Centre médico-psychologique (CMP),Centre médico-psychologique pour adultes (CMPA),,fbg des Capucins 20,2800,Delémont,JU,Danielle Charmillot-Scherrer,Psychiatrie und Psychotherapie,Kat. A (3 J.) ambulant,7,7,0,0,2,5
411010,CHUV,CHUV,Département de psychiatrie,Service de médecine des addictions,Rue du Bugnon 23,1011,Lausanne,VD,Yasser Khazaal,Psychiatrie und Psychotherapie,Kat. C (2 J.) stationär,0,0,0,0,0,0
409993,Clienia Gruppenpraxis AG,Clienia Gruppenpraxis AG,Praxis für Psychiatrie und Psychotherapie,,Neumarkt 4,8400,Winterthur,ZH,Achim Haug,Psychiatrie und Psychotherapie,Kat. B (2 J.) ambulant,4,4,0,1,3,0
411008,Clienia Littenheid AG,Clienia Littenheid AG,Park D Sucht,Privatklinik für Psychiatrie und Psychotherapie,,9573,Littenheid,TG,Mark Ebneter,Psychiatrie und Psychotherapie,Kat. C (2 J.) stationär,3,3,0,0,3,0
401656,Clienia Littenheid AG,Clienia Littenheid AG,Privatklinik für Psychiatrie und Psychotherapie,,,9573,Littenheid,TG,Silke Bachmann,Psychiatrie und Psychotherapie,Kat. A (3 J.) stationär,19,18,1,4,13,2
410170,Clienia Psychiatriezentrum Wetzikon PZW,Clienia Psychiatriezentrum Wetzikon PZW,,,Bahnhofstrasse 196,8620,Wetzikon ZH,ZH,Markus Baumgartner,Psychiatrie und Psychotherapie,Kat. C (2 J.) ambulant,1,1,0,0,1,0
401420,Clienia Psychiatriezentrum Wetzikon PZW,Clienia Psychiatriezentrum Wetzikon PZW,inkl. Psychiatriezentrum Uster PZU,,Bahnhofstrasse 196,8620,Wetzikon ZH,ZH,Sonja Schmidt,Psychiatrie und Psychotherapie,Kat. A (3 J.) ambulant,7,7,0,2,3,2
411016,Clienia Psychiatriezentrum Wetzikon PZW,Clienia Psychiatriezentrum Wetzikon PZW,Konsiliar- und Liaisonpsychiatrie,,Bahnhofstrasse 196,8620,Wetzikon ZH,ZH,Markus Baumgartner,Psychiatrie und Psychotherapie,Kat. C (2 J.) ambulant,1,1,0,1,0,0
403854,Clienia Schlössli AG,Clienia Schlössli AG,Bereich Alterspsychiatrie,Privatklinik für Psychiatrie,Schlösslistrasse 8,8618,Oetwil am See,ZH,Thomas Günther Zetzsche,Psychiatrie und Psychotherapie,Kat. C (2 J.) stationär,9,8,1,3,6,0
401349,Clienia Schlössli AG,Clienia Schlössli AG,Privatklinik für Psychiatrie,Schlösslistrasse 8,Postfach 147,8618,Oetwil am See,ZH,Franziskos Xepapadakos,Psychiatrie und Psychotherapie,Kat. A (3 J.) stationär,13,12,1,2,11,0
408238,Clinica Psichiatrica Cantonale,Clinica Psichiatrica Cantonale,Reparti di Psicogeriatria,,via Agostino Maspoli 6,6850,Mendrisio,TI,Alireza Moor,Psychiatrie und Psychotherapie,Kat. C (2 J.) stationär,2,2,0,0,2,0
404182,Clinica Santa Croce SA,Clinica Santa Croce SA,,,via al Parco 27,6644,Orselina,TI,Sara Fumagalli,Psychiatrie und Psychotherapie,Kat. A (3 J.) stationär,6,6,0,0,6,0
401621,Clinica Viarnetto,Clinica Viarnetto,,,,6963,Lugano-Pregassona,TI,Lorenza Bolzani,Psychiatrie und Psychotherapie,Kat. A (3 J.) stationär,4,4,0,0,4,0
407403,Consultation systémique de Lucinge CONSYL,Consultation systémique de Lucinge CONSYL,,,chemin du Lucinge 16,1006,Lausanne,VD,Nicolas Belleux,Psychiatrie und Psychotherapie,Kat. B (2 J.) ambulant,2,2,0,2,0,0
409794,eHnv - Hôpital Saint-Loup,eHnv - Hôpital Saint-Loup,Unité hosp. abC (Centre vaud. anorexie boulimie),CHUV et eHnv,St-Loup,1318,Pompaples,VD,Friedrich Stiefel,Psychiatrie und Psychotherapie,Kat. C (2 J.) stationär,1,0,1,1,0,0
410467,Felix Platter-Spital,Felix Platter-Spital,Univ. Zentrum für Altersmedizin und Rehabilitation,Abteilung Psychogeriatrie,Burgfelderstrasse 101,4012,Basel,BS,Thomas Leyhe,Psychiatrie und Psychotherapie,Kat. C (2 J.) stationär,3,0,3,2,1,0
410991,"Fondation de Nant, Secteur psych. de l'Est vaudois","Fondation de Nant, Secteur psych. de l'Est vaudois",Hôpital psychiatrique adulte ambulatoire,,,1804,Corsier-sur-Vevey,VD,Stéphane Favre,Psychiatrie und Psychotherapie,Kat. A (3 J.) ambulant,18,18,0,10,4,4
400757,"Fondation de Nant, Secteur psych. de l'Est vaudois","Fondation de Nant, Secteur psych. de l'Est vaudois",Hôpital psychiatrique adulte hospitalier,,,1804,Corsier-sur-Vevey,VD,Urs Corrodi,Psychiatrie und Psychotherapie,Kat. A (3 J.) stationär,11,11,0,8,1,2
408240,"Fondation de Nant, Secteur psych. de l'Est vaudois","Fondation de Nant, Secteur psych. de l'Est vaudois",Psychiatrie et Psychthérapie de la Personne agée,,rue de la Madeleine 29,1804,Corsier-sur-Vevey,VD,Abba Moussa,Psychiatrie und Psychotherapie,Mehrfachanerkennung im gleichen Fachgebiet,8,7,1,0,8,0
411013,"Fondation de Nant, Secteur psych. de l'Est vaudois","Fondation de Nant, Secteur psych. de l'Est vaudois",Unités de traitement des dépendances,,rue de la Madeleine 29,1804,Corsier-sur-Vevey,VD,Jaroslaw Albert Lipiec,Psychiatrie und Psychotherapie,Kat. C (2 J.) ambulant,5,4,1,2,2,1
401319,Forel-Klinik,Forel-Klinik,,,Islikonerstrasse 5,8548,Ellikon a d Thur,ZH,Heike Schwemmer-Vogel,Psychiatrie und Psychotherapie,Mehrfachanerkennung im gleichen Fachgebiet,6,6,0,2,3,1
404121,Forensisch-Psychiatrischer Dienst FPD,Forensisch-Psychiatrischer Dienst FPD,Universität Bern,,Falkenplatz 18,3012,Bern,BE,Michael Liebrenz,Psychiatrie und Psychotherapie,Kat. C (2 J.) ambulant,1,1,0,0,1,0
411562,Forensisch-Psychiatrischer Dienst FPD,Forensisch-Psychiatrischer Dienst FPD,Universität Bern,,Falkenplatz 18,3012,Bern,BE,Michael Liebrenz,Psychiatrie und Psychotherapie,Kat. C (2 J.) stationär,1,1,0,0,1,0
410009,Frauenklinik am Meissenberg,Frauenklinik am Meissenberg,Psych. und psychotherap. Spezialklinik für Frauen,,Meissenbergstrasse 17,6300,Zug,ZG,Peter Peiler,Psychiatrie und Psychotherapie,Kat. C (2 J.) stationär,7,7,0,2,5,0
407200,H U G,HUG,Serv. de psych. de liaison / intervention de crise,Dpt de santé mentale et de psychiatrie,rue Gabrielle-Perret-Gent 4,1211,Genève 14,GE,Guido Bondolfi,Psychiatrie und Psychotherapie,Mehrfachanerkennung im gleichen Fachgebiet,18,18,0,9,9,0
402970,H U G,HUG,Service d'Addictologie,Département de Santé Mentale et Psychiatrie,rue Grand-Pré 70c,1202,Genève,GE,Daniele Fabio Zullino,Psychiatrie und Psychotherapie,Mehrfachanerkennung im gleichen Fachgebiet,10,10,0,3,7,0
402951,H U G,HUG,Service de psychiatrie générale,Département de santé mentale et de psychiatrie,ch. du Petit-Bel-Air 2,1225,Chêne-Bourg,GE,Stefan Kaiser,Psychiatrie und Psychotherapie,Mehrfachanerkennung im gleichen Fachgebiet,40,38,2,14,22,4
407942,H U G,HUG,Service des mesures institutionnelles SMI,Direction médicale et qualité,chemin du Petit-Bel-Air 2,1225,Chêne-Bourg,GE,Panteleimon Giannakopoulos,Psychiatrie und Psychotherapie,Mehrfachanerkennung im gleichen Fachgebiet,10,10,0,1,7,2
410713,H U G,HUG,Service des spécialités psychiatriques,Dpt de santé mentale et psychiatrie,rue de Lausanne 20bis,1201,Genève,GE,Jean-Michel Aubry,Psychiatrie und Psychotherapie,Mehrfachanerkennung im gleichen Fachgebiet,14,14,0,3,10,1
402949,H U G,HUG,Unite de Psychiatrie du développement mentale,Dpt de santé mentale et de psychiatrie,chemin du Petit Bel-Air 2,1225,Chêne-Bourg,GE,Markus Kosel,Psychiatrie und Psychotherapie,Mehrfachanerkennung im gleichen Fachgebiet,3,3,0,0,2,1
402952,H U G,HUG,Unité de psychiatrie gériatrique,Département de santé mentale et de psychiatrie,ch. du Petit-Bel-Air 2,1225,Chêne-Bourg,GE,Julius Daniel Popp,Psychiatrie und Psychotherapie,Mehrfachanerkennung im gleichen Fachgebiet,20,19,1,7,13,0
411557,Hochgebirgsklinik Davos AG,Hochgebirgsklinik Davos AG,Psychosomatik,,Herman-Burchard-Strasse 1,7265,Davos Wolfgang,GR,Martina Gertrud Anna Haeck,Psychiatrie und Psychotherapie,Kat. C (2 J.) stationär,0,0,0,0,0,0
400543,Hôpital du Valais,Hôpital du Valais,Centre Hospitalier du Valais Romand,Pôle de Psychiatrie et Psychothérapie,rte de Morgins 10,1870,Monthey,VS,Georges-André Klein,Psychiatrie und Psychotherapie,Mehrfachanerkennung im gleichen Fachgebiet,34,26,8,11,16,7
408241,Hôpital du Valais,Hôpital du Valais,Psychiatrie et psychothérapie de la personne agée,Centre hospitalier du Valais romand,route de Morgins 10,1870,Monthey,VS,Isabella Justiniano-Birchler,Psychiatrie und Psychotherapie,Mehrfachanerkennung im gleichen Fachgebiet,12,11,1,5,4,3
410877,Hôpital du Valais,Hôpital du Valais,Service de psychiatrie de liaison,Pôle de psychiatrie et psychothérapie du CHVR,,1870,Monthey,VS,Ioan Francisc Cromec,Psychiatrie und Psychotherapie,Kat. C (2 J.) ambulant,2,2,0,0,0,2
408350,Hôpital psychiatrie,Hôpital psychiatrique du Secteur Ouest,Unité de psychiatrie de liaison,"Secteur Psychiatrique Ouest, CHUV",,1197,Prangins,VD,Christophe Sahli,Psychiatrie und Psychotherapie,Kat. C (2 J.) ambulant,2,2,0,1,1,0
411011,Hôpital psychiatrique du Secteur Ouest,Hôpital psychiatrique du Secteur Ouest,Pôle addictologique,Service de psychiatrie adulte,,1197,Prangins,VD,Julien Elowe,Psychiatrie und Psychotherapie,Kat. C (2 J.) ambulant,1,1,0,0,1,0
400755,Hôpital psychiatrique du Secteur Ouest,Hôpital psychiatrique du Secteur Ouest,Psychiatrie et psychothérapie de la personne âgée,Hôpital,Case postale 1,1197,Prangins,VD,Estelle Gillès de Pélichy,Psychiatrie und Psychotherapie,Mehrfachanerkennung im gleichen Fachgebiet,3,3,0,2,1,0
400753,Hôpital psychiatrique du Secteur Ouest,Hôpital psychiatrique du Secteur Ouest,Service de psychiatrie adulte,,,1197,Prangins,VD,Julien Elowe,Psychiatrie und Psychotherapie,Mehrfachanerkennung im gleichen Fachgebiet,15,14,1,3,11,1
405828,i p w - Integrierte Psychiatrie Winterthur,IPW - Integrierte Psychiatrie Winterthur,Bereich Alterspsychiatrie,,Postfach 144,8408,Winterthur,ZH,Jacqueline Minder,Psychiatrie und Psychotherapie,Mehrfachanerkennung im gleichen Fachgebiet,14,13,1,1,9,4
409572,i p w - Integrierte Psychiatrie Winterthur,IPW - Integrierte Psychiatrie Winterthur,Erwachsenenpsychiatrie,Wieshofstrasse 102,Postfach 102,8408,Winterthur,ZH,Urs Hepp,Psychiatrie und Psychotherapie,Mehrfachanerkennung im gleichen Fachgebiet,45,35,10,8,30,7
411017,i p w - Integrierte Psychiatrie Winterthur,IPW - Integrierte Psychiatrie Winterthur,Integrierte Suchthilfe Winterthur,Wieshofstrasse 102,Postfach 102,8408,Winterthur,ZH,Benjamin Dubno,Psychiatrie und Psychotherapie,Mehrfachanerkennung im gleichen Fachgebiet,1,1,0,0,1,0
410871,i p w - Integrierte Psychiatrie Winterthur,IPW - Integrierte Psychiatrie Winterthur,Konsiliar- und Liaisonpsychiatrie,,Wieshofstrasse 104,8408,Winterthur,ZH,Thomas Hermann Walter Heinsius,Psychiatrie und Psychotherapie,Kat. C (2 J.) ambulant,3,3,0,0,2,1
409736,INGRADO Sostanze illegali,INGRADO Sostanze illegali,,Centro di consulenza e aiuto,via agli Orti 3,6962,Viganello,TI,Gea Besso Sgarbossa,Psychiatrie und Psychotherapie,Kat. C (2 J.) ambulant,0,0,0,0,0,0
410305,IPP Institut für Psychiatrie und Psychotherapie,IPP Institut für Psychiatrie und Psychotherapie,,,Waisenhausplatz 25,3011,Bern,BE,Matthias Mosimann,Psychiatrie und Psychotherapie,Kat. B (2 J.) ambulant,3,3,0,0,3,0
403399,Kantonsspital Obwalden,Kantonsspital Obwalden,Psychiatrie Obwalden/Nidwalden,,Brünigstrasse 181,6060,Sarnen,OW,Julius Kurmann,Psychiatrie und Psychotherapie,Mehrfachanerkennung im gleichen Fachgebiet,0,0,0,0,0,0
401908,Kantonsspital St. Gallen,Kantonsspital St. Gallen,Fachbereich Psychosomatik,Departement Innere Medizin,Rorschacher Strasse 95,9007,St. Gallen,SG,Dagmar Astrid Schmid,Psychiatrie und Psychotherapie,Kat. C (2 J.) ambulant,2,2,0,0,2,0
410736,Klinik Arlesheim,Klinik Arlesheim,Fachbereich Psychiatrie,,Pfeffingerweg 1,4144,Arlesheim,BL,Markus Schlemmer,Psychiatrie und Psychotherapie,Kat. B (2 J.) stationär,2,1,1,1,1,0
409711,Klinik Barmelweid,Klinik Barmelweid,Psychosomatik,,,5017,Barmelweid,AG,Pia Bircher,Psychiatrie und Psychotherapie,Kat. B (2 J.) stationär,1,1,0,1,0,0
408244,Klinik für Psychiatrie und Psychotherapie,Klinik für Psychiatrie und Psychotherapie,Bereich Alterspsychiatrie,Psychiatrie Baselland,Bienentalstrasse 7,4410,Liestal,BL,Silvia Tenés Reino,Psychiatrie und Psychotherapie,Kat. C (2 J.) stationär,5,4,1,2,2,1
401840,Klinik für Psychiatrie und Psychotherapie,Klinik für Psychiatrie und Psychotherapie,Psychiatrische Dienste,Spitäler Schaffhausen,Nordstrasse 111,8200,Schaffhausen,SH,Bernd Krämer,Psychiatrie und Psychotherapie,Mehrfachanerkennung im gleichen Fachgebiet,4,4,0,0,4,0
409569,Klinik Gais AG,Klinik Gais AG,Psychosomatik und Psychotherapie,Gäbrisstrasse 1172,,9056,Gais,AR,Frank Zimmerhackl,Psychiatrie und Psychotherapie,Mehrfachanerkennung im gleichen Fachgebiet,4,4,0,0,3,1
410077,Klinik Im Hasel AG,Klinik Im Hasel AG,Ambulatorium Lenzburg,,Im Hasel,5728,Gontenschwil,AG,Thomas Lüddeckens,Psychiatrie und Psychotherapie,Kat. C (2 J.) ambulant,0,0,0,0,0,0
410051,Klinik Im Hasel AG,Klinik Im Hasel AG,Stationäre Therapie Gontenschwil,,Im Hasel,5728,Gontenschwil,AG,Thomas Lüddeckens,Psychiatrie und Psychotherapie,Kat. C (2 J.) stationär,2,2,0,0,0,2
409441,Klinik Schützen Rheinfelden,Klinik Schützen Rheinfelden,"Psychosomatik, Psychiatrie und Psychotherapie",,Bahnhofstrasse 19,4310,Rheinfelden,AG,Hanspeter Flury,Psychiatrie und Psychotherapie,Mehrfachanerkennung im gleichen Fachgebiet,5,4,1,2,3,0
405391,Klinik SGM Langenthal,Klinik SGM Langenthal,,,Weissensteinstrasse 30,4900,Langenthal,BE,Andreas Akert,Psychiatrie und Psychotherapie,Kat. B (2 J.) stationär,3,3,0,1,1,1
408255,Klinik Zugersee,Klinik Zugersee,Bereich Alterspsychiatrie und -psychotherapie,Triaplus AG,Postfach 200,6317,Oberwil b. Zug,ZG,Patrik Benz-Gartenmann,Psychiatrie und Psychotherapie,Kat. C (2 J.) stationär,0,0,0,0,0,0
403717,Klinik Zugersee,Klinik Zugersee,Zentrum für Psychiatrie und Psychotherapie,Triaplus AG,"Widenstrasse 55, Postfach 200",6317,Oberwil b. Zug,ZG,Josef Jenewein,Psychiatrie und Psychotherapie,Kat. A (3 J.) stationär,13,11,2,5,8,0
400858,La Métairie SA,La Métairie SA,Etablissement médical,,Avenue de Bois-Bougy,1260,Nyon,VD,Nicola Gervasoni,Psychiatrie und Psychotherapie,Kat. B (2 J.) stationär,2,2,0,0,2,0
409951,Les Toises,Les Toises,Centre de Psychiatrie et de Psychothérapie,,avenue des Mousquines 4,1005,Lausanne,VD,Franziska Gamma van Appelghem,Psychiatrie und Psychotherapie,Kat. B (2 J.) ambulant,8,7,1,2,3,3
411003,Luzerner Psychiatrie,Luzerner Psychiatrie,Bereich Abhängigkeitserkrankungen,Klinik. St. Urban,Schafmattstrasse 1,4915,St. Urban,LU,Stephan Ziegler,Psychiatrie und Psychotherapie,Kat. C (2 J.) stationär,0,0,0,0,0,0
410930,Luzerner Psychiatrie - ambulant Dienste,Luzerner Psychiatrie,Forensischer Dienst,,Voltastrasse 42,6002,Luzern,LU,Shlemen Hanno,Psychiatrie und Psychotherapie,Kat. C (2 J.) ambulant,0,0,0,0,0,0
411004,Luzerner Psychiatrie - ambulante Dienste,Luzerner Psychiatrie,,,Voltastrasse 42,6002,Luzern,LU,Kerstin Gabriel Felleiter,Psychiatrie und Psychotherapie,Kat. C (2 J.) ambulant,1,1,0,1,0,0
407795,Luzerner Psychiatrie - Ambulante Dienste,Luzerner Psychiatrie,Psychiatrisches Ambulatorium,,Löwengraben 20,6004,Luzern,LU,Kerstin Gabriel Felleiter,Psychiatrie und Psychotherapie,Mehrfachanerkennung im gleichen Fachgebiet,10,10,0,3,7,0
409828,Luzerner Psychiatrie - Stationäre Dienste,Luzerner Psychiatrie,Bereich Alterspsychiatrie,Klinik St. Urban,Schaffmattstrasse 1,4915,St. Urban,LU,Evgeniy Perlov,Psychiatrie und Psychotherapie,Kat. C (2 J.) stationär,0,0,0,0,0,0
408261,Luzerner Psychiatrie - Stationäre Dienste,Luzerner Psychiatrie,PK St. Urban und PK Luzern,,,4915,St. Urban,LU,Julius Kurmann,Psychiatrie und Psychotherapie,Mehrfachanerkennung im gleichen Fachgebiet,19,16,3,4,12,3
401606,Organizzazione sociopsic. cantonale,Organizzazione sociopsichiatrica cantonale,Clinica Psichiatria Cantonale,,via Agostino Maspoli 6,6850,Mendrisio,TI,Raffaella Colombo,Psychiatrie und Psychotherapie,Kat. A (3 J.) stationär,11,11,0,0,11,0
401610,Organizzazione sociopsichiatrica cantonale,Organizzazione sociopsichiatrica cantonale,Servizi psicosociali del Canton Ticino,,Via Luganetto 5,6962,Viganello,TI,Rafael Traber,Psychiatrie und Psychotherapie,Kat. A (3 J.) ambulant,10,10,0,0,9,1
410879,Organizzazione Sociopsichiatrica Cantonale (OSC),Organizzazione sociopsichiatrica cantonale,Servizio di Psichiatria e Psicologia medica (SPPM),,via Tesserete 67a,6942,Savosa,TI,Ilaria Massari,Psychiatrie und Psychotherapie,Kat. C (2 J.) ambulant,1,0,1,0,1,0
406752,Ospedale Malcantonese,Ospedale Malcantonese,Reparto di psichiatria,,,6980,Castelrotto,TI,Matteo Angelo Laudati,Psychiatrie und Psychotherapie,Kat. B (2 J.) stationär,2,1,1,0,2,0
410997,PM - Privatklinik Meiringen,PM - Privatklinik Meiringen,"West 1 (Alkohol-, Medikamentenabhängigkeit)",,Postfach 612,3860,Meiringen,BE,Jochen Mutschler,Psychiatrie und Psychotherapie,Kat. C (2 J.) stationär,3,3,0,0,3,0
402637,PM - Privatklinik Meiringen,PM - Privatklinik Meiringen,Zentrum für Psychiatrie und Psychotherapie,,Postfach 612,3860,Meiringen,BE,Thomas Müller,Psychiatrie und Psychotherapie,Kat. A (3 J.) stationär,16,15,1,0,12,4
408235,PM - Privatklinik Meiringen,PM - Privatklinik Meiringen,Zentrum für Seelische Gesundheit,,Postfach 612,3860,Meiringen,BE,Jochen Mutschler,Psychiatrie und Psychotherapie,Kat. A (3 J.) ambulant,2,2,0,0,1,1
410996,Pôle Santé mentale de l'Hôpital de Jura bernois SA,Pôle Santé mentale de l'Hôpital du Jura SA,Psychiatrie et psychothérapie des addictions,,L’Abbaye 2,2713,Bellelay,BE,Patrice Guex,Psychiatrie und Psychotherapie,Kat. C (2 J.) stationär,20,20,0,3,12,5
408232,Pôle Santé mentale de l'Hôpital du Jura SA,Pôle Santé mentale de l'Hôpital du Jura SA,Service de psychiatrie de l'âge avancé,,L’Abbaye 2,2713,Bellelay,BE,Patrice Guex,Psychiatrie und Psychotherapie,Kat. C (2 J.) stationär,0,0,0,0,0,0
402477,Pôle Santé mentale de l'Hôpital du Jura SA,Pôle Santé mentale de l'Hôpital du Jura SA,Service psychiatriques,,L’Abbaye 2,2713,Bellelay,BE,Patrice Guex,Psychiatrie und Psychotherapie,Mehrfachanerkennung im gleichen Fachgebiet,0,0,0,0,0,0
405392,Privatklinik Aadorf,Privatklinik Aadorf,Kompetenzzentrum für Psychotherapie,Psychiatrie und Psychosomatik,Fohrenbergstrasse 23,8355,Aadorf,TG,Stephan N. Trier,Psychiatrie und Psychotherapie,Mehrfachanerkennung im gleichen Fachgebiet,0,0,0,0,0,0
410837,Privatklinik Oberwaid,Privatklinik Oberwaid,Psychosomatik,,Rorschacher Strasse 311,9016,St. Gallen,SG,Doris Straus,Psychiatrie und Psychotherapie,Mehrfachanerkennung im gleichen Fachgebiet,0,0,0,0,0,0
402648,Privatklinik Wyss AG,Privatklinik Wyss AG,,,Fellenbergstrasse 34,3053,Münchenbuchsee,BE,Christian Imboden,Psychiatrie und Psychotherapie,Mehrfachanerkennung im gleichen Fachgebiet,12,9,3,0,9,3
402056,Psychiatrie Baselland,Psychiatrie Baselland,Ambulatorien und Tageskliniken,,Spitalstrasse 1,4410,Liestal,BL,Isabella Peukert,Psychiatrie und Psychotherapie,Kat. C (2 J.) ambulant,14,13,1,3,9,2
402056,Psychiatrie Baselland,Psychiatrie Baselland,Ambulatorien und Tageskliniken,,Spitalstrasse 1,4410,Liestal,BL,Daniel Sollberger,Psychiatrie und Psychotherapie,Kat. A (3 J.) ambulant,14,13,1,3,9,2
402054,Psychiatrie Baselland,Psychiatrie Baselland,Klinik für Psychiatrie und Psychotherapie,,Bienentalstrasse 7,4410,Liestal,BL,Matthias Jäger,Psychiatrie und Psychotherapie,Kat. A (3 J.) stationär,19,16,3,6,12,1
404848,Psychiatrie Baselland (PBL),Psychiatrie Baselland,Zentrum für Abhängigkeitserkrankungen,,Wiedenhubstrasse 55,4410,Liestal,BL,Klauspeter Stark,Psychiatrie und Psychotherapie,Mehrfachanerkennung im gleichen Fachgebiet,4,3,1,3,0,1
408234,Psychiatrie St. Gallen Nord,Psychiatrie St. Gallen Nord,Ambulante Dienste,,Zürcherstrasse 30,9500,Wil SG,SG,Ulrich Michael Hemmeter,Psychiatrie und Psychotherapie,Kat. A (3 J.) ambulant,11,10,1,0,7,4
411005,Psychiatrie St. Gallen Nord,Psychiatrie St. Gallen Nord,Fachbereich 1 Sucht,"Akutpsychiatrie, Sucht- und Psychotherapie",Zürcherstrasse 30,9500,Wil SG,SG,Thomas Maier,Psychiatrie und Psychotherapie,Kat. C (2 J.) stationär,2,2,0,0,2,0
408253,Psychiatrie St. Gallen Nord,Psychiatrie St. Gallen Nord,Fachbereich Gerontopsychiatrie,,Zürcherstrasse 30,9500,Wil SG,SG,Ulrich Michael Hemmeter,Psychiatrie und Psychotherapie,Mehrfachanerkennung im gleichen Fachgebiet,11,8,3,3,6,2
411764,Psychiatrie St. Gallen Nord,Psychiatrie St. Gallen Nord,Fachbereich Konsiliar- und Liaisonpsychiatrie,,Zürcherstrasse 30,9500,Wil SG,SG,Ulrich Michael Hemmeter,Psychiatrie und Psychotherapie,Kat. C (2 J.) ambulant,1,1,0,0,1,0
403438,Psychiatrie St. Gallen Nord,Psychiatrie St. Gallen Nord,Stationäre Dienste,,Zürcherstrasse 30,9500,Wil SG,SG,Thomas Maier,Psychiatrie und Psychotherapie,Kat. A (3 J.) stationär,9,8,1,1,6,2
402657,Psychiatriezentrum Münsingen,Psychiatriezentrum Münsingen,,,,3110,Münsingen,BE,Thomas Reisch,Psychiatrie und Psychotherapie,Kat. A (3 J.) stationär,19,13,6,5,11,3
410998,Psychiatriezentrum Münsingen PZM,Psychiatriezentrum Münsingen,A-Linie,,Hunzigenallee 1,3110,Münsingen,BE,Ingo Butzke,Psychiatrie und Psychotherapie,Mehrfachanerkennung im gleichen Fachgebiet,2,2,0,1,1,0
401665,Psychiatrische Dienst Thurgau,Psychiatrische Dienste Thurgau,Psychiatrische Klinik Münsterlingen,,Seeblickstrasse 3,8596,Münsterlingen,TG,Gerhard Dammann,Psychiatrie und Psychotherapie,Kat. A (3 J.) stationär,18,18,0,0,17,1
411007,Psychiatrische Dienste,Psychiatrische Dienste Solothurn,Behandlungszentrum für Abhängigkeitserkrankungen,Solothurner Spitäler AG,Weissensteinstrasse,4500,Solothurn,SO,Georg Samuel Steinemann,Psychiatrie und Psychotherapie,Mehrfachanerkennung im gleichen Fachgebiet,0,0,0,0,0,0
408252,Psychiatrische Dienste,Psychiatrische Dienste Solothurn,Bereich Gerontopsychiatrie,Solothurner Spitäler AG,Weissensteinstrasse,4500,Solothurn,SO,Martin Hatzinger,Psychiatrie und Psychotherapie,Mehrfachanerkennung im gleichen Fachgebiet,5,2,3,1,2,2
401739,Psychiatrische Dienste,Psychiatrische Dienste Solothurn,Spitäler Solothurn AG,,Weissensteinstrasse 102,4500,Solothurn,SO,Martin Hatzinger,Psychiatrie und Psychotherapie,Mehrfachanerkennung im gleichen Fachgebiet,29,27,2,2,14,13
410251,Psychiatrische Dienste,Psychiatrische Dienste Solothurn,Zentrum für Forensik,Spitäler Solothurn AG,Weissensteinstrasse 102,4503,Solothurn,SO,Lutz-Peter Hiersemenzel,Psychiatrie und Psychotherapie,Mehrfachanerkennung im gleichen Fachgebiet,2,2,0,0,2,0
401139,Psychiatrische Dienste Aargau AG,Psychiatrische Dienste Aargau AG,Bereich Forensische Psychiatrie,,Postfach 432,5201,Brugg AG,AG,Peter Christian Wermuth,Psychiatrie und Psychotherapie,Mehrfachanerkennung im gleichen Fachgebiet,2,2,0,0,0,2
407474,Psychiatrische Dienste Aargau AG,Psychiatrische Dienste Aargau AG,"Klinik für Konsiliar-, Alters- u. Neuropsychiatrie",,Postfach 432,5201,Brugg AG,AG,Dan Georgescu,Psychiatrie und Psychotherapie,Mehrfachanerkennung im gleichen Fachgebiet,10,8,2,1,4,5
410874,Psychiatrische Dienste Aargau AG,Psychiatrische Dienste Aargau AG,"Klinik für Konsiliar-, Alters- u. Neuropsychiatrie",Konsiliar- u. Liaisonpsychiatrie und Psychosomatik,Postfach 432,5201,Brugg AG,AG,Dan Georgescu,Psychiatrie und Psychotherapie,Kat. C (2 J.) ambulant,1,1,0,0,1,0
410995,Psychiatrische Dienste Aargau AG,Psychiatrische Dienste Aargau AG,Zentrum für Abhängigkeitserkrankungen,,Postfach 432,5201,Brugg AG,AG,Patrik Roser,Psychiatrie und Psychotherapie,Mehrfachanerkennung im gleichen Fachgebiet,8,8,0,0,3,5
401134,Psychiatrische Dienste Aargau AG,Psychiatrische Dienste Aargau AG,Zentrum Psychiatrie und Psychotherapie ambulant,,Postfach 432,5201,Brugg AG,AG,Benedikt Habermeyer,Psychiatrie und Psychotherapie,Kat. A (3 J.) ambulant,13,13,0,3,9,1
401132,Psychiatrische Dienste Aargau AG,Psychiatrische Dienste Aargau AG,Zentrum Psychiatrie und Psychotherapie stationär,,Postfach 432,5201,Brugg AG,AG,Matthias Hilpert,Psychiatrie und Psychotherapie,Kat. A (3 J.) stationär,8,8,0,0,4,4
410732,Psychiatrische Dienste Graubünden,Psychiatrische Dienste Graubünden,Forensischer Dienst,Klinik Beverin,Postfach 200,7408,Cazis,GR,Eva-Irina Constanze Franke,Psychiatrie und Psychotherapie,Mehrfachanerkennung im gleichen Fachgebiet,2,2,0,0,2,0
411001,Psychiatrische Dienste Graubünden,Psychiatrische Dienste Graubünden,Suchtzentrum Danis,Klinik Beverin,Postfach 200,7408,Cazis,GR,Rahul Gupta,Psychiatrie und Psychotherapie,Mehrfachanerkennung im gleichen Fachgebiet,2,0,2,0,1,1
403039,Psychiatrische Dienste Graubünden PDGR,Psychiatrische Dienste Graubünden,Ambulante Psychiatrische Dienste,,Loestrasse 190,7000,Chur,GR,Peggy Guler-Stützer,Psychiatrie und Psychotherapie,Kat. A (3 J.) ambulant,5,5,0,3,2,0
410869,Psychiatrische Dienste Graubünden PDGR,Psychiatrische Dienste Graubünden,Konsiliar- und Liaisonpsychiatrie,,Loëstrasse 220,7000,Chur,GR,Peggy Guler-Stützer,Psychiatrie und Psychotherapie,Kat. C (2 J.) ambulant,2,2,0,1,1,0
403041,Psychiatrische Dienste Graubünden PDGR,Psychiatrische Dienste Graubünden,Psychiatrische Klinik Beverin,,La Nicca Strasse 17,7408,Cazis,GR,Andrés Ricardo Schneeberger,Psychiatrie und Psychotherapie,Kat. A (3 J.) stationär,14,10,4,2,12,0
401669,Psychiatrische Dienste Thurgau,Psychiatrische Dienste Thurgau,Ambulante Erwachsenenpsychiatrie,,Seeblickstrasse 3,8596,Münsterlingen,TG,Marko Hurst,Psychiatrie und Psychotherapie,Kat. A (3 J.) ambulant,13,13,0,1,11,1
411009,Psychiatrische Dienste Thurgau,Psychiatrische Dienste Thurgau,Bereich Abhängigkeitserkrankungen,Psychiatrische Klinik Münsterlingen,Seeblickstrasse 3,8596,Münsterlingen,TG,Herbert Joachim Leherr,Psychiatrie und Psychotherapie,Mehrfachanerkennung im gleichen Fachgebiet,0,0,0,0,0,0
408247,Psychiatrische Dienste Thurgau,Psychiatrische Dienste Thurgau,Bereich Alterspsychiatrie und Alterspsychotherapie,Psychiatrische Klinik Münsterlingen,Seeblickstrasse 3,8596,Münsterlingen,TG,Martin Peterson,Psychiatrie und Psychotherapie,Mehrfachanerkennung im gleichen Fachgebiet,0,0,0,0,0,0
402258,Psychiatrische Klinik Sonnenhalde AG,Psychiatrische Klinik Sonnenhalde AG,,,Gänshaldenweg 22-30,4125,Riehen,BS,Johannes Beck,Psychiatrie und Psychotherapie,Kat. B (2 J.) stationär,7,4,3,2,5,0
408236,Psychiatrische Klinik Sonnenhalde AG,Psychiatrische Klinik Sonnenhalde AG,Ambulatorium,,Gänshaldenweg 22-30,4125,Riehen,BS,Johannes Beck,Psychiatrie und Psychotherapie,Kat. A (3 J.) ambulant,8,8,0,1,7,0
410727,Psychiatrische Universitätsklinik,Psychiatrische Universitätsklinik Zürich,"KPPP, Allgemeinpsychiatrie II ZAE",,Selnaustrasse 9,8001,Zürich,ZH,Marcus Herdener,Psychiatrie und Psychotherapie,Mehrfachanerkennung im gleichen Fachgebiet,9,8,1,2,7,0
407672,Psychiatrische Universitätsklinik Zürich,Psychiatrische Universitätsklinik Zürich,Klinik für Alterspsychiatrie,,Lenggstrasse 31,8032,Zürich,ZH,Egemen Savaskan,Psychiatrie und Psychotherapie,Mehrfachanerkennung im gleichen Fachgebiet,14,7,7,1,13,0
410477,Psychiatrische Universitätsklinik Zürich,Psychiatrische Universitätsklinik Zürich,Klinik für Forensische Psychiatrie,,Lenggstrasse 31,8032,Zürich,ZH,Elmar Blasius Heinz Habermeyer,Psychiatrie und Psychotherapie,Kat. C (2 J.) ambulant,1,1,0,0,1,0
410726,Psychiatrische Universitätsklinik Zürich,Psychiatrische Universitätsklinik Zürich,"KPPP, Allgemeinpsychiatrie I ZAPE und ZDAP",Lenggstrasse 31,Postfach 1931,8032,Zürich,ZH,Erich Andreas Seifritz,Psychiatrie und Psychotherapie,Mehrfachanerkennung im gleichen Fachgebiet,37,35,2,5,31,1
410728,Psychiatrische Universitätsklinik Zürich,Psychiatrische Universitätsklinik Zürich,"KPPP, Allgemeinpsychiatrie III ZSP",,Militärstrasse 8,8021,Zürich 1,ZH,Michael Rufer,Psychiatrie und Psychotherapie,Mehrfachanerkennung im gleichen Fachgebiet,22,22,0,3,19,0
405944,Psychiatrische Universitätsklinik Zürich,Psychiatrische Universitätsklinik Zürich,"KPPP, Allgemeinpsychiatrie IV ZIP",Alleestrasse 61A,Postfach 50,8462,Rheinau,ZH,Stefan Vetter,Psychiatrie und Psychotherapie,Kat. B (2 J.) stationär,6,6,0,1,4,1
404124,Psychiatrische Universitätsklinik Zürich,Psychiatrische Universitätsklinik Zürich,Zentrum für Stationäre Forensische Therapie,Klinik für Forensische Psychiatrie,Alleestrasse 57,8462,Rheinau,ZH,Steffen Lau,Psychiatrie und Psychotherapie,Kat. C (2 J.) stationär,6,6,0,0,5,1
408443,Psychiatrisches Zentrum Appenzell Ausserrhoden,Psychiatrisches Zentrum Appenzell Ausserrhoden,Spitalverbund Appenzell Ausserrhoden,Krombach,Postfach,9100,Herisau,AR,Ralf Pelkowski,Psychiatrie und Psychotherapie,Mehrfachanerkennung im gleichen Fachgebiet,11,11,0,1,8,2
403455,Psychiatrisch-Psychologischer Dienst,Psychiatrisch-Psychologischer Dienst Justizvollzug Zürich,Justizvollzug Kanton Zürich,,Hohlstrasse 552,8090,Zürich,ZH,Michael Braunschweig,Psychiatrie und Psychotherapie,Mehrfachanerkennung im gleichen Fachgebiet,2,2,0,0,2,0
411718,PZM Psychiatriezentrum Münsingen AG,PZM Psychiatriezentrum Münsingen AG,Allgemeines Ambulatorium,,Hunzigenallee 1,3110,Münsingen,BE,Ingo Butzke,Psychiatrie und Psychotherapie,Kat. A (3 J.) ambulant,2,2,0,0,1,1
409697,PZM Psychiatriezentrum Münsingen AG,PZM Psychiatriezentrum Münsingen AG,Klinik für Alters- & Neuropsychiatrie,,Hunzigenallee 1,3110,Münsingen,BE,Christian Kämpf,Psychiatrie und Psychotherapie,Mehrfachanerkennung im gleichen Fachgebiet,8,5,3,2,5,1
402537,Regionalspital Emmental AG,Regionalspital Emmental AG,Psychiatrischer Dienst,,Oberburgstrasse 54,3400,Burgdorf,BE,Daniel Bielinski,Psychiatrie und Psychotherapie,Mehrfachanerkennung im gleichen Fachgebiet,6,6,0,4,2,0
410950,Regionalspital Emmental AG,Regionalspital Emmental AG,Psychiatrischer Dienst - Alterspsychiatrie,,Oberburgstrasse 54,3400,Burgdorf,BE,Markus Guzek,Psychiatrie und Psychotherapie,Kat. C (2 J.) ambulant,0,0,0,0,0,0
410876,Réseau fribourgeois de santé mentale,RFSM - Réseau fribourgeois de santé mentale,Secteur de psychiatrie et de psychothérapie,Chaîne de soins d'intervention de crise et liaison,av. du Général-Guisan 56,1700,Fribourg,FR,Christoph Salathé,Psychiatrie und Psychotherapie,Kat. C (2 J.) ambulant,2,2,0,0,1,1
411000,RFSM - Réseau fribourgeois de santé mentale,RFSM - Réseau fribourgeois de santé mentale,Centre cant. d'addictologie (CCA) / Unité Thalassa,,L'Hôpital 140,1633,Marsens,FR,André Kuntz,Psychiatrie und Psychotherapie,Mehrfachanerkennung im gleichen Fachgebiet,4,4,0,0,1,3
408286,RFSM - Réseau fribourgeois de santé mentale,RFSM - Réseau fribourgeois de santé mentale,Sect. de psychiatrie et de psychothérapie pour,personnes agées / Centre de soins hospitalier,L'Hôpital 140,1633,Marsens,FR,Serge Zumbach,Psychiatrie und Psychotherapie,Mehrfachanerkennung im gleichen Fachgebiet,6,5,1,2,2,2
402774,RFSM - Réseau fribourgeois de santé mentale,RFSM - Réseau fribourgeois de santé mentale,Sect. de psychiatrie et psychothérapie de l'adulte,,L'Hôpital 140,1633,Marsens,FR,Isabelle Gothuey-Gysin,Psychiatrie und Psychotherapie,Mehrfachanerkennung im gleichen Fachgebiet,35,33,2,9,14,12
411592,RSFM - Réseau Fribourgeois de Santé Mentale,RFSM - Réseau fribourgeois de santé mentale,Centre de Psychiatrie Forensique,,Boulevard de Pérolles 30,1700,Fribourg,FR,Rigobert Hervais Kamdem,Psychiatrie und Psychotherapie,Kat. C (2 J.) ambulant,1,1,0,0,0,1
409883,Sanatorium Kilchberg,Sanatorium Kilchberg,Alterspsychiatrie,Psychiatrische Privatklinik,Alte Landstrasse 70-84,8802,Kilchberg ZH,ZH,Robert Maier,Psychiatrie und Psychotherapie,Mehrfachanerkennung im gleichen Fachgebiet,3,3,0,1,2,0
401334,Sanatorium Kilchberg,Sanatorium Kilchberg,Psychiatrische Privatklinik,,Alte Landstrasse 70,8802,Kilchberg ZH,ZH,Katja Cattapan-Ludewig,Psychiatrie und Psychotherapie,Kat. A (3 J.) ambulant,5,5,0,3,2,0
401334,Sanatorium Kilchberg,Sanatorium Kilchberg,Psychiatrische Privatklinik,,Alte Landstrasse 70,8802,Kilchberg ZH,ZH,Robert Maier,Psychiatrie und Psychotherapie,Kat. A (3 J.) stationär,16,15,1,7,9,0
400762,Secteur Psychiatrique Nord,Secteur psychiatrique Nord vaudois,Psychiatrie Adulte hospitalière et ambulatoire,,Case postale 732,1401,Yverdon-les-Bains,VD,Françoise Menu,Psychiatrie und Psychotherapie,Mehrfachanerkennung im gleichen Fachgebiet,25,17,8,15,7,3
410872,Secteur Psychiatrique Nord,Secteur psychiatrique Nord vaudois,Unité de psychiatrie de liaison,Centre de Psychiatrie du Nord Vaudois,Case postale 732,1401,Yverdon-les-Bains,VD,Giorgio Enrico Maccaferri,Psychiatrie und Psychotherapie,Kat. C (2 J.) ambulant,3,3,0,0,3,0
408254,Secteur psychiatrique Nord vaudois,Secteur psychiatrique Nord vaudois,Service de psychiatrie et psychothérapie de la,Personne Agée,Case postale 732,1401,Yverdon-les-Bains,VD,Liviu Constantin Dan,Psychiatrie und Psychotherapie,Mehrfachanerkennung im gleichen Fachgebiet,6,6,0,5,1,0
411012,Secteur psychiatrique Nord vaudois,Secteur psychiatrique Nord vaudois,Unité de traitement des addictions (UTAd),,Case postale 732,1401,Yverdon-les-Bains,VD,Mohamed Ghazi Kardous,Psychiatrie und Psychotherapie,Kat. C (2 J.) ambulant,2,2,0,1,0,1
410514,Seeklinik Brunnen AG,Seeklinik Brunnen AG,,,Gersauerstrasse 8,6440,Brunnen,SZ,Marco Gebbers,Psychiatrie und Psychotherapie,Kat. B (2 J.) stationär,3,3,0,3,0,0
407535,Spital Affoltern,Spital Affoltern,Psychiatriestützpunkt,,Sonnenbergstrasse 27,8910,Affoltern am Albis,ZH,Tim Klose,Psychiatrie und Psychotherapie,Kat. A (3 J.) stationär,1,1,0,0,1,0
402615,Spital Region Oberaargau (SRO),Spital Region Oberaargau (SRO),Psychiatrische Dienste SRO,,Marktgasse 18,4901,Langenthal,BE,Manuel Moser,Psychiatrie und Psychotherapie,Mehrfachanerkennung im gleichen Fachgebiet,13,13,0,8,4,1
411121,Spital Region Oberaargau (SRO),Spital Region Oberaargau (SRO),Psychiatrische Dienste SRO,Alterspsychiatrie,Marktgasse 18,4901,Langenthal,BE,Paul Hartman,Psychiatrie und Psychotherapie,Kat. C (2 J.) ambulant,1,1,0,0,1,0
402586,Spitäler FMI AG - Spital Interlaken,Spitäler FMI AG - Spital Interlaken,Psychiatrischer Dienst,,Weissenaustrasse 27,3800,Interlaken,BE,Thomas Ihde-Scholl,Psychiatrie und Psychotherapie,Kat. A (3 J.) ambulant,3,3,0,1,2,0
408248,SpitalSTS AG - Spital Thun,SpitalSTS AG - Spital Thun,Alterspsychiatrischer Dienst,Psychiatrische Dienste,Krankenhausstrasse 12,3600,Thun,BE,Franziska Wenger-Scheurer,Psychiatrie und Psychotherapie,Kat. C (2 J.) ambulant,4,2,2,0,4,0
410999,SpitalSTS AG - Spital Thun,SpitalSTS AG - Spital Thun,ASBO,Psychiatrische Dienste,Krankenhausstrasse 12,3600,Thun,BE,Dieter Hans Hofer,Psychiatrie und Psychotherapie,Kat. C (2 J.) ambulant,0,0,0,0,0,0
402697,SpitalSTS AG - Spital Thun,SpitalSTS AG - Spital Thun,Psychiatrische Dienste,,Krankenhausstrasse 12,3600,Thun,BE,Dieter Hans Hofer,Psychiatrie und Psychotherapie,Mehrfachanerkennung im gleichen Fachgebiet,10,8,2,3,7,0
400485,Spitalzentrum Oberwallis,Spitalzentrum Oberwallis,"PZO, Psychiatrie Zentrum Oberwallis",,Überlandstrasse 14,3900,Brig,VS,Felix Walter,Psychiatrie und Psychotherapie,Mehrfachanerkennung im gleichen Fachgebiet,7,5,2,2,1,4
410870,St. Gallische Psychiatrie-Dienste Süd,St. Gallische Psychiatrie-Dienste Süd,,,Zürcherstrasse 1,8730,Uznach,SG,Angela Brucher,Psychiatrie und Psychotherapie,Kat. C (2 J.) ambulant,2,2,0,0,0,2
411053,St. Gallische Psychiatrie-Dienste Süd,St. Gallische Psychiatrie-Dienste Süd,Entzugs- und Motivationsstation,,Klosterweg,7312,Pfäfers,SG,Regula Meinherz-Surbeck,Psychiatrie und Psychotherapie,Mehrfachanerkennung im gleichen Fachgebiet,1,1,0,0,1,0
401985,St. Gallische Psychiatrie-Dienste Süd,St. Gallische Psychiatrie-Dienste Süd,Klinik St. Pirminsberg,,Klosterweg,7312,Pfäfers,SG,Thomas Meier-van Berkel,Psychiatrie und Psychotherapie,Kat. A (3 J.) stationär,9,9,0,0,6,3
406302,St. Gallische Psychiatrie-Dienste Süd,St. Gallische Psychiatrie-Dienste Süd,Psychiatrie-Zentrum Werdenberg-Sarganserland,,Hauptstrasse 27,9477,Trübbach,SG,Jutta Reiter,Psychiatrie und Psychotherapie,Kat. A (3 J.) ambulant,17,17,0,3,6,8
409531,Stadtärztlicher Dienst Zürich,Stadtärztlicher Dienst Zürich,Drogenpsychiatrischer Dienst - DPD,,Walchestrasse 31,8021,Zürich 1 Sihlpost,ZH,Roberto Pirrotta,Psychiatrie und Psychotherapie,Kat. C (2 J.) ambulant,0,0,0,0,0,0
403570,Städtische Gesundheitsdienste,Städtische Gesundheitsdienste der Stadt Zürich,"Stadtärztlicher Dienst, Psychiatrische Poliklinik",Walchestrasse 31,Postfach,8021,Zürich,ZH,David Briner,Psychiatrie und Psychotherapie,Mehrfachanerkennung im gleichen Fachgebiet,6,5,1,3,2,1
410979,Städtische Gesundheitsdienste der Stadt Zürich,Städtische Gesundheitsdienste der Stadt Zürich,Suchtfachklinik Zürich,,Emil-Klöti-Strasse 14-18,8037,Zürich,ZH,Thomas Kofmel,Psychiatrie und Psychotherapie,Kat. C (2 J.) stationär,1,0,1,0,1,0
404602,Südhang,Südhang,Kompetenzzentrum für Mensch und Sucht,,Südhang 1,3038,Kirchlindach,BE,Peter Allemann,Psychiatrie und Psychotherapie,Mehrfachanerkennung im gleichen Fachgebiet,5,5,0,5,0,0
401058,U S Z,USZ,Klinik für Konsiliarpsychiatrie und Psychosomatik,,Culmannstrasse 8,8091,Zürich,ZH,Roland von Känel,Psychiatrie und Psychotherapie,Mehrfachanerkennung im gleichen Fachgebiet,13,11,2,3,10,0
401059,U S Z,USZ,Klinik für Konsiliarpsychiatrie und Psychosomatik,Abteilung für Stationäre Psychotherapie,Culmannstrasse 8,8091,Zürich,ZH,Roland von Känel,Psychiatrie und Psychotherapie,Kat. C (2 J.) stationär,1,1,0,1,0,0
407793,Universitäre Psychiatrische Dienste,Universitäre Psychiatrische Dienste Bern,Universitätsklinik für Psychiatrie Psychotherapie,,Bolligenstrasse 111,3000,Bern 60 UPD,BE,Werner Konrad Strik,Psychiatrie und Psychotherapie,Kat. A (3 J.) stationär,29,24,5,3,25,1
404146,Universitäre Psychiatrische Dienste Bern,Universitäre Psychiatrische Dienste Bern,Schwerpunkt Sucht,Uniklinik für Psychiatrie und Psychotherapie,Bolligenstrasse 111,3000,Bern 60 UPD,BE,Werner Konrad Strik,Psychiatrie und Psychotherapie,Mehrfachanerkennung im gleichen Fachgebiet,3,0,3,1,2,0
408231,Universitäre Psychiatrische Dienste Bern (UPD),Universitäre Psychiatrische Dienste Bern,Universitätsklinik für Alterspsychiatrie und,Psychotherapie,Bolligenstrasse 111,3000,Bern 60,BE,Stefan Klöppel,Psychiatrie und Psychotherapie,Mehrfachanerkennung im gleichen Fachgebiet,7,6,1,2,4,1
402341,Universitäre Psychiatrische Dienste UPD,Universitäre Psychiatrische Dienste Bern,Universitätsklinik für Psychiatrie Psychotherapie,,Murtenstrasse 21,3008,Bern,BE,Sebastian Walther,Psychiatrie und Psychotherapie,Kat. A (3 J.) ambulant,17,14,3,8,9,0
410935,Universitäre Psychiatrische Dienste UPD,Universitäre Psychiatrische Dienste Bern,Universitätsklinik für Psychiatrie Psychotherapie,Konsiliar- und Liaisonpsychiatrie,Murtenstrasse 21,3008,Bern,BE,Daniela Hubl,Psychiatrie und Psychotherapie,Kat. C (2 J.) ambulant,0,0,0,0,0,0
408230,Universitäre Psychiatrische Kliniken (UPK) Basel,Universitäre Psychiatrische Kliniken (UPK) Basel,c/o Universitätsspital Basel,Kriseninterventionsstation,Schanzenstrasse 55,4031,Basel,BS,Stefan Borgwardt,Psychiatrie und Psychotherapie,Kat. B (2 J.) stationär,1,1,0,0,1,0
410873,Universitäre Psychiatrische Kliniken (UPK) Basel,Universitäre Psychiatrische Kliniken (UPK) Basel,c/o Universitätsspital Basel,Konsiliar- und Liaisondienst,Schanzenstrasse 55,4031,Basel Universitätsspital,BS,Stefan Borgwardt,Psychiatrie und Psychotherapie,Kat. C (2 J.) ambulant,0,0,0,0,0,0
402133,Universitäre Psychiatrische Kliniken (UPK) Basel,Universitäre Psychiatrische Kliniken (UPK) Basel,Gesundheitszentrum Kornhausgasse,,Kornhausgasse 7,4051,Basel,BS,Stefan Borgwardt,Psychiatrie und Psychotherapie,Kat. A (3 J.) ambulant,13,11,2,5,8,0
411058,Universitäre Psychiatrische Kliniken (UPK) Basel,Universitäre Psychiatrische Kliniken (UPK) Basel,Zentrum für Abhängigkeitserkrankungen,"Stationen U1, U2, U3 & VSS",Wilhelm Klein-Strasse 27,4002,Basel,BS,Marc Walter,Psychiatrie und Psychotherapie,Kat. C (2 J.) stationär,6,5,1,1,5,0
403874,Universitäre Psychiatrische Kliniken Basel UPK,Universitäre Psychiatrische Kliniken (UPK) Basel,Bereich Alterspsychiatrie und ambulanter Dienst,,Wilhelm Klein-Strasse 27,4025,Basel,BS,Thomas Leyhe,Psychiatrie und Psychotherapie,Mehrfachanerkennung im gleichen Fachgebiet,6,6,0,0,6,0
403876,Universitäre Psychiatrische Kliniken UPK,Universitäre Psychiatrische Kliniken (UPK) Basel,Ambulatorien für Substanzstörungen,,Wilhelm Klein-Strasse 27,4025,Basel,BS,Gerhard Wiesbeck,Psychiatrie und Psychotherapie,Kat. C (2 J.) ambulant,2,2,0,2,0,0
403875,Universitäre Psychiatrische Kliniken UPK,Universitäre Psychiatrische Kliniken (UPK) Basel,Forensisch-Psychiatrische Klinik,,Wilhelm Klein-Strasse 27,4025,Basel,BS,Marc Daniel Graf,Psychiatrie und Psychotherapie,Mehrfachanerkennung im gleichen Fachgebiet,2,2,0,0,2,0
402144,Universitätsspital Basel,Universitätsspital Basel,Abt. Psychosomatik,Departement Innere Medizin,Hebelstrasse 2,4031,Basel,BS,Alexander Thomas Frick,Psychiatrie und Psychotherapie,Kat. C (2 J.) ambulant,1,0,1,1,0,0
402132,UPK Universitäre Psychiatrische Kliniken,UPK Universitäre Psychiatrische Kliniken,Erwachsenen-Psychiatrische Klinik,,Wilhelm Klein-Strasse 27,4025,Basel,BS,Undine Lang,Psychiatrie und Psychotherapie,Kat. A (3 J.) stationär,22,21,1,3,19,0
408229,Zentrum f. Externe Psychiatrische Dienstleistungen,Zentrum f. Externe Psychiatrische Dienstleistungen,Clienia Littenheid AG,Externe Psychiatrische Dienste Thurgau,Laubgasse 31,8500,Frauenfeld,TG,Andreas Erny,Psychiatrie und Psychotherapie,Kat. A (3 J.) ambulant,6,6,0,4,2,0
408498,Zentrum für Angst und Depressionsbehandlung Zürich,Zentrum für Angst und Depressionsbehandlung Zürich,,,Riesbachstrasse 61,8008,Zürich,ZH,Josef Hättenschwiler,Psychiatrie und Psychotherapie,Kat. A (3 J.) ambulant,7,5,2,0,7,0
403756,Zentrum für Suchtmedizin,Zentrum für Suchtmedizin,Ambulatorium,,Haltingerstrasse 65,4057,Basel,BS,Beata Podlewska-Walter,Psychiatrie und Psychotherapie,Kat. C (2 J.) ambulant,1,1,0,0,1,0